{
    "key": "group_6289036f1c4af",
    "title": "Post Options",
    "fields": [
        {
            "key": "field_630515213566d",
            "label": "Authors",
            "name": "authors",
            "type": "text",
            "instructions": "",
            "required": 0,
            "conditional_logic": 0,
            "wrapper": {
                "width": "",
                "class": "",
                "id": ""
            },
            "admin_column_enabled": 1,
            "admin_column_post_types": [
                "post"
            ],
            "admin_column_taxonomies": "",
            "default_value": "",
            "placeholder": "",
            "prepend": "",
            "append": "",
            "maxlength": ""
        },
        {
            "key": "field_62b08b62985d2",
            "label": "Author Group",
            "name": "author_group",
            "type": "repeater",
            "instructions": "",
            "required": 0,
            "conditional_logic": 0,
            "wrapper": {
                "width": "",
                "class": "",
                "id": ""
            },
            "acfe_repeater_stylised_button": 0,
            "collapsed": "",
            "min": 0,
            "max": 0,
            "layout": "table",
            "button_label": "",
            "sub_fields": [
                {
                    "key": "field_6289bad5e70b4",
                    "label": "Author Image",
                    "name": "author_image",
                    "type": "image",
                    "instructions": "",
                    "required": 1,
                    "conditional_logic": 0,
                    "wrapper": {
                        "width": "",
                        "class": "",
                        "id": ""
                    },
                    "uploader": "",
                    "acfe_thumbnail": 0,
                    "return_format": "array",
                    "preview_size": "thumbnail",
                    "min_width": "",
                    "min_height": "",
                    "min_size": "",
                    "max_width": "",
                    "max_height": "",
                    "max_size": "",
                    "mime_types": "",
                    "library": "all"
                },
                {
                    "key": "field_6289bac8e70b3",
                    "label": "Author Name",
                    "name": "author_name",
                    "type": "text",
                    "instructions": "",
                    "required": 1,
                    "conditional_logic": 0,
                    "wrapper": {
                        "width": "",
                        "class": "",
                        "id": ""
                    },
                    "admin_column_enabled": 1,
                    "admin_column_post_types": [
                        "post",
                        "page"
                    ],
                    "admin_column_taxonomies": [
                        "category",
                        "post_tag",
                        "link_category",
                        "acf-field-group-category"
                    ],
                    "default_value": "",
                    "placeholder": "",
                    "prepend": "",
                    "append": "",
                    "maxlength": ""
                },
                {
                    "key": "field_6289baf0e70b5",
                    "label": "Author Bio",
                    "name": "author_bio",
                    "type": "textarea",
                    "instructions": "",
                    "required": 0,
                    "conditional_logic": 0,
                    "wrapper": {
                        "width": "",
                        "class": "",
                        "id": ""
                    },
                    "default_value": "",
                    "placeholder": "",
                    "maxlength": "",
                    "rows": "",
                    "new_lines": "",
                    "acfe_textarea_code": 0
                }
            ]
        },
        {
            "key": "field_628d3f7c1b95e",
            "label": "Related Articles Title",
            "name": "related_articles_title",
            "type": "text",
            "instructions": "",
            "required": 0,
            "conditional_logic": 0,
            "wrapper": {
                "width": "",
                "class": "",
                "id": ""
            },
            "default_value": "Podcasts",
            "placeholder": "Podcasts",
            "prepend": "",
            "append": "",
            "maxlength": ""
        },
        {
            "key": "field_628d404513c9b",
            "label": "Related Articles Link",
            "name": "related_articles_link",
            "type": "link",
            "instructions": "",
            "required": 0,
            "conditional_logic": 0,
            "wrapper": {
                "width": "",
                "class": "",
                "id": ""
            },
            "return_format": "array"
        },
        {
            "key": "field_628d3d1bcbaeb",
            "label": "Select Related Articles",
            "name": "related_articles",
            "type": "relationship",
            "instructions": "",
            "required": 0,
            "conditional_logic": 0,
            "wrapper": {
                "width": "",
                "class": "",
                "id": ""
            },
            "post_type": [
                "post"
            ],
            "taxonomy": "",
            "filters": [
                "search",
                "taxonomy"
            ],
            "elements": [
                "featured_image"
            ],
            "min": "",
            "max": "",
            "return_format": "object",
            "acfe_bidirectional": {
                "acfe_bidirectional_enabled": "0"
            }
        }
    ],
    "location": [
        [
            {
                "param": "post_type",
                "operator": "==",
                "value": "post"
            }
        ]
    ],
    "menu_order": 0,
    "position": "normal",
    "style": "default",
    "label_placement": "left",
    "instruction_placement": "label",
    "hide_on_screen": "",
    "active": true,
    "description": "",
    "show_in_rest": 0,
    "acfe_display_title": "",
    "acfe_autosync": [
        "json"
    ],
    "acfe_form": 0,
    "acfe_meta": "",
    "acfe_note": "",
    "modified": 1661792452
}