{
    "key": "group_62619f67b6e8f",
    "title": "Banner Block Options",
    "fields": [
        {
            "key": "field_6284bd744e45a",
            "label": "Banners",
            "name": "banners",
            "type": "repeater",
            "instructions": "",
            "required": 0,
            "conditional_logic": 0,
            "wrapper": {
                "width": "",
                "class": "",
                "id": ""
            },
            "acfe_repeater_stylised_button": 0,
            "collapsed": "",
            "min": 0,
            "max": 0,
            "layout": "block",
            "button_label": "Add Banner",
            "sub_fields": [
                {
                    "key": "field_6284bd664e459",
                    "label": "Content",
                    "name": "",
                    "type": "accordion",
                    "instructions": "",
                    "required": 0,
                    "conditional_logic": 0,
                    "wrapper": {
                        "width": "",
                        "class": "",
                        "id": ""
                    },
                    "open": 0,
                    "multi_expand": 0,
                    "endpoint": 0
                },
                {
                    "key": "field_6284bd9d4e45b",
                    "label": "Banner Type",
                    "name": "banner_type",
                    "type": "select",
                    "instructions": "",
                    "required": 0,
                    "conditional_logic": 0,
                    "wrapper": {
                        "width": "",
                        "class": "",
                        "id": ""
                    },
                    "choices": {
                        "without_article": "Without Article",
                        "with_article": "With Article"
                    },
                    "default_value": false,
                    "allow_null": 0,
                    "multiple": 0,
                    "ui": 0,
                    "return_format": "value",
                    "ajax": 0,
                    "placeholder": ""
                },
                {
                    "key": "field_6284beef4e464",
                    "label": "Tag Name",
                    "name": "tag_name",
                    "type": "text",
                    "instructions": "",
                    "required": 0,
                    "conditional_logic": [
                        [
                            {
                                "field": "field_6284bd9d4e45b",
                                "operator": "==",
                                "value": "with_article"
                            }
                        ]
                    ],
                    "wrapper": {
                        "width": "",
                        "class": "",
                        "id": ""
                    },
                    "default_value": "",
                    "placeholder": "",
                    "prepend": "",
                    "append": "",
                    "maxlength": ""
                },
                {
                    "key": "field_6284bdfc4e45c",
                    "label": "Title",
                    "name": "title",
                    "type": "wysiwyg",
                    "instructions": "",
                    "required": 0,
                    "conditional_logic": 0,
                    "wrapper": {
                        "width": "",
                        "class": "",
                        "id": ""
                    },
                    "default_value": "",
                    "tabs": "all",
                    "toolbar": "full",
                    "media_upload": 1,
                    "delay": 0
                },
                {
                    "key": "field_6284be094e45d",
                    "label": "Links",
                    "name": "links",
                    "type": "repeater",
                    "instructions": "",
                    "required": 0,
                    "conditional_logic": 0,
                    "wrapper": {
                        "width": "",
                        "class": "",
                        "id": ""
                    },
                    "acfe_repeater_stylised_button": 0,
                    "collapsed": "",
                    "min": 0,
                    "max": 0,
                    "layout": "block",
                    "button_label": "Add Link",
                    "sub_fields": [
                        {
                            "key": "field_6284be214e45e",
                            "label": "link",
                            "name": "link",
                            "type": "link",
                            "instructions": "",
                            "required": 0,
                            "conditional_logic": 0,
                            "wrapper": {
                                "width": "",
                                "class": "",
                                "id": ""
                            },
                            "return_format": "array"
                        }
                    ]
                },
                {
                    "key": "field_6284be3a4e45f",
                    "label": "Image",
                    "name": "image",
                    "type": "image",
                    "instructions": "",
                    "required": 0,
                    "conditional_logic": [
                        [
                            {
                                "field": "field_6284bd9d4e45b",
                                "operator": "==",
                                "value": "with_article"
                            }
                        ]
                    ],
                    "wrapper": {
                        "width": "",
                        "class": "",
                        "id": ""
                    },
                    "uploader": "",
                    "acfe_thumbnail": 0,
                    "return_format": "array",
                    "preview_size": "full",
                    "min_width": "",
                    "min_height": "",
                    "min_size": "",
                    "max_width": "",
                    "max_height": "",
                    "max_size": "",
                    "mime_types": "",
                    "library": "all"
                },
                {
                    "key": "field_6284be6a4e460",
                    "label": "Design",
                    "name": "",
                    "type": "accordion",
                    "instructions": "",
                    "required": 0,
                    "conditional_logic": 0,
                    "wrapper": {
                        "width": "",
                        "class": "",
                        "id": ""
                    },
                    "open": 0,
                    "multi_expand": 0,
                    "endpoint": 0
                },
                {
                    "key": "field_6284be774e461",
                    "label": "Background",
                    "name": "background",
                    "type": "color_picker",
                    "instructions": "",
                    "required": 0,
                    "conditional_logic": 0,
                    "wrapper": {
                        "width": "",
                        "class": "",
                        "id": ""
                    },
                    "default_value": "#000000",
                    "enable_opacity": false,
                    "return_format": "string"
                },
                {
                    "key": "field_6284bea14e463",
                    "label": "Title Color",
                    "name": "title_color",
                    "type": "color_picker",
                    "instructions": "",
                    "required": 0,
                    "conditional_logic": 0,
                    "wrapper": {
                        "width": "",
                        "class": "",
                        "id": ""
                    },
                    "default_value": "#FFFFFF",
                    "enable_opacity": false,
                    "return_format": "string"
                },
                {
                    "key": "field_6284e90d1438d",
                    "label": "Tag Color",
                    "name": "tag_color",
                    "type": "color_picker",
                    "instructions": "",
                    "required": 0,
                    "conditional_logic": [
                        [
                            {
                                "field": "field_6284bd9d4e45b",
                                "operator": "==",
                                "value": "with_article"
                            }
                        ]
                    ],
                    "wrapper": {
                        "width": "",
                        "class": "",
                        "id": ""
                    },
                    "default_value": "#FFFFFF",
                    "enable_opacity": false,
                    "return_format": "string"
                },
                {
                    "key": "field_6284be914e462",
                    "label": "Link Color",
                    "name": "link_color",
                    "type": "color_picker",
                    "instructions": "",
                    "required": 0,
                    "conditional_logic": 0,
                    "wrapper": {
                        "width": "",
                        "class": "",
                        "id": ""
                    },
                    "default_value": "#FFFFFF",
                    "enable_opacity": false,
                    "return_format": "string"
                },
                {
                    "key": "field_6284e8f81438c",
                    "label": "Link Hover Color",
                    "name": "link_hover_color",
                    "type": "color_picker",
                    "instructions": "",
                    "required": 0,
                    "conditional_logic": 0,
                    "wrapper": {
                        "width": "",
                        "class": "",
                        "id": ""
                    },
                    "default_value": "#FFFFFF",
                    "enable_opacity": false,
                    "return_format": "string"
                }
            ]
        }
    ],
    "location": [
        [
            {
                "param": "block",
                "operator": "==",
                "value": "acf\/landing-banner"
            }
        ]
    ],
    "menu_order": 0,
    "position": "normal",
    "style": "default",
    "label_placement": "top",
    "instruction_placement": "label",
    "hide_on_screen": "",
    "active": true,
    "description": "",
    "show_in_rest": 0,
    "acfe_display_title": "",
    "acfe_autosync": [
        "json"
    ],
    "acfe_form": 0,
    "acfe_meta": "",
    "acfe_note": "",
    "modified": 1655831895
}