{
    "key": "group_6297374035fd1",
    "title": "test",
    "fields": [
        {
            "key": "field_6297375315054",
            "label": "cate",
            "name": "cateca",
            "type": "acfe_taxonomies",
            "instructions": "",
            "required": 0,
            "conditional_logic": 0,
            "wrapper": {
                "width": "",
                "class": "",
                "id": ""
            },
            "taxonomy": [
                "category",
                "post_tag"
            ],
            "field_type": "checkbox",
            "default_value": [],
            "return_format": "object",
            "layout": "vertical",
            "toggle": 0,
            "allow_custom": 0,
            "multiple": 0,
            "allow_null": 0,
            "choices": [],
            "ui": 0,
            "ajax": 0,
            "placeholder": "",
            "search_placeholder": ""
        }
    ],
    "location": [
        [
            {
                "param": "page",
                "operator": "==",
                "value": "484"
            }
        ]
    ],
    "menu_order": 0,
    "position": "normal",
    "style": "default",
    "label_placement": "left",
    "instruction_placement": "label",
    "hide_on_screen": "",
    "active": true,
    "description": "",
    "show_in_rest": 0,
    "acfe_display_title": "",
    "acfe_autosync": [
        "json"
    ],
    "acfe_form": 0,
    "acfe_meta": "",
    "acfe_note": "",
    "modified": 1654079341
}